"","name","year","mean_RSV","mean_1y","mean_1a4","mean_5a14","mean_15a54","mean_55a64","mean_65","total_RSV","total_1y","total_1a4","total_5a14","total_15a54","total_55a64","total_65","total_tested","test_positivity","Population","positive_rate","total_RSV_by_Population"
"1","Aisén del General Carlos Ibáñez del Campo","2015",1.54,0.85,0.6,0.08,0,0.02,0,80,44,31,4,0,1,0,498,0.160642570281124,103158,0.160642570281124,0.000775509412745497
"2","Aisén del General Carlos Ibáñez del Campo","2016",1.31,0.79,0.46,0.02,0,0,0.04,68,41,24,1,0,0,2,522,0.130268199233716,103158,0.130268199233716,0.000659183000833673
"3","Aisén del General Carlos Ibáñez del Campo","2017",2.1,1.15,0.83,0.04,0.02,0.02,0.04,109,60,43,2,1,1,2,634,0.17192429022082,103158,0.17192429022082,0.00105663157486574
"4","Aisén del General Carlos Ibáñez del Campo","2018",0.79,0.5,0.29,0,0,0,0,41,26,15,0,0,0,0,225,0.182222222222222,103158,0.182222222222222,0.000397448574032067
"5","Aisén del General Carlos Ibáñez del Campo","2019",0,0,0,0,0,0,0,0,0,0,0,0,0,0,115,0,103158,0,0
"6","Antofagasta","2015",0.29,0.19,0.1,0,0,0,0,15,10,5,0,0,0,0,254,0.0590551181102362,607534,0.0590551181102362,2.46899761988629e-05
"7","Antofagasta","2016",0.98,0.75,0.19,0.02,0,0,0.02,51,39,10,1,0,0,1,382,0.133507853403141,607534,0.133507853403141,8.3945919076134e-05
"8","Antofagasta","2017",1.04,0.63,0.33,0.04,0.02,0.02,0,54,33,17,2,1,1,0,414,0.130434782608696,607534,0.130434782608696,8.88839143159066e-05
"9","Antofagasta","2018",0.38,0.27,0.08,0,0,0.02,0.02,20,14,4,0,0,1,1,251,0.0796812749003984,607534,0.0796812749003984,3.29199682651506e-05
"10","Antofagasta","2019",0.29,0.15,0.1,0.02,0,0,0.02,15,8,5,1,0,0,1,289,0.0519031141868512,607534,0.0519031141868512,2.46899761988629e-05
"11","Arica y Parinacota","2015",0.67,0.46,0.21,0,0,0,0,35,24,11,0,0,0,0,323,0.108359133126935,226068,0.108359133126935,0.000154820673425695
"12","Arica y Parinacota","2016",0.88,0.6,0.27,0.02,0,0,0,46,31,14,1,0,0,0,372,0.123655913978495,226068,0.123655913978495,0.000203478599359485
"13","Arica y Parinacota","2017",0.98,0.58,0.29,0.1,0.02,0,0,51,30,15,5,1,0,0,329,0.155015197568389,226068,0.155015197568389,0.000225595838420298
"14","Arica y Parinacota","2018",1.12,0.63,0.37,0.04,0.04,0,0.04,58,33,19,2,2,0,2,459,0.12636165577342,226068,0.12636165577342,0.000256559973105437
"15","Arica y Parinacota","2019",0.62,0.27,0.21,0.12,0,0.02,0,32,14,11,6,0,1,0,415,0.0771084337349398,226068,0.0771084337349398,0.000141550329989207
"16","Atacama","2015",1.38,0.98,0.38,0.02,0,0,0,72,51,20,1,0,0,0,197,0.365482233502538,286168,0.365482233502538,0.000251600458471947
"17","Atacama","2016",1.46,0.87,0.48,0.06,0,0,0.06,76,45,25,3,0,0,3,296,0.256756756756757,286168,0.256756756756757,0.000265578261720388
"18","Atacama","2017",0.04,0.02,0,0.02,0,0,0,2,1,0,1,0,0,0,59,0.0338983050847458,286168,0.0338983050847458,6.98890162422074e-06
"19","Atacama","2018",0.6,0.29,0.17,0.02,0.04,0,0.08,31,15,9,1,2,0,4,110,0.281818181818182,286168,0.281818181818182,0.000108327975175421
"20","Atacama","2019",0.58,0.15,0.19,0,0.08,0.04,0.12,30,8,10,0,4,2,6,128,0.234375,286168,0.234375,0.000104833524363311
"21","Bío-Bío","2015",5.95,3.52,2.02,0.16,0.06,0.01,0.18,619,366,210,17,6,1,19,4538,0.136403702071397,1556805,0.136403702071397,0.000397609206034153
"22","Bío-Bío","2016",5.75,3.36,1.62,0.36,0.11,0.07,0.24,598,349,169,37,11,7,25,4623,0.129353233830846,1556805,0.129353233830846,0.000384120040724432
"23","Bío-Bío","2017",5.54,3.14,1.91,0.25,0.04,0.03,0.16,576,327,199,26,4,3,17,4795,0.120125130344108,1556805,0.120125130344108,0.000369988534209487
"24","Bío-Bío","2018",6.34,3.83,1.86,0.23,0.1,0.07,0.26,659,398,193,24,10,7,27,5419,0.121609152980255,1556805,0.121609152980255,0.000423302854243145
"25","Bío-Bío","2019",5.89,2.81,2.23,0.27,0.13,0.06,0.39,613,292,232,28,14,6,41,5501,0.111434284675514,1556805,0.111434284675514,0.000393755158802804
"26","Coquimbo","2015",3.4,2.37,0.94,0.06,0.04,0,0,177,123,49,3,2,0,0,1013,0.174728529121422,757586,0.174728529121422,0.000233636841229907
"27","Coquimbo","2016",6.25,4.15,1.94,0.08,0.06,0.02,0,325,216,101,4,3,1,0,1470,0.22108843537415,757586,0.22108843537415,0.000428994199998416
"28","Coquimbo","2017",2.42,1.58,0.77,0.08,0,0,0,126,82,40,4,0,0,0,969,0.130030959752322,757586,0.130030959752322,0.000166317751384001
"29","Coquimbo","2018",1.96,1.42,0.44,0.08,0,0.02,0,102,74,23,4,0,1,0,796,0.128140703517588,757586,0.128140703517588,0.000134638179691811
"30","Coquimbo","2019",2.77,1.73,0.88,0.13,0.02,0,0,144,90,46,7,1,0,0,725,0.198620689655172,757586,0.198620689655172,0.000190077430153144
"31","La Araucanía","2015",5.42,3.73,1.48,0.13,0.02,0,0.06,282,194,77,7,1,0,3,1575,0.179047619047619,957224,0.179047619047619,0.000294601890466599
"32","La Araucanía","2016",6.02,4.17,1.52,0.19,0.02,0,0.12,313,217,79,10,1,0,6,1572,0.19910941475827,957224,0.19910941475827,0.000326987204666828
"33","La Araucanía","2017",6.04,3.9,1.73,0.29,0.02,0.02,0.08,314,203,90,15,1,1,4,1383,0.22704266088214,957224,0.22704266088214,0.000328031892221674
"34","La Araucanía","2018",5.42,3.4,1.63,0.25,0.06,0,0.08,282,177,85,13,3,0,4,1306,0.215926493108729,957224,0.215926493108729,0.000294601890466599
"35","La Araucanía","2019",5.31,3.52,1.4,0.25,0.04,0.02,0.08,276,183,73,13,2,1,4,1445,0.191003460207612,957224,0.191003460207612,0.000288333765137523
"36","Libertador General Bernardo O'Higgins","2015",6.1,4.46,1.48,0.12,0.02,0,0.02,317,232,77,6,1,0,1,1644,0.192822384428224,914555,0.192822384428224,0.000346616660561694
"37","Libertador General Bernardo O'Higgins","2016",5.54,4.15,1.31,0.04,0.04,0,0,288,216,68,2,2,0,0,1734,0.166089965397924,914555,0.166089965397924,0.000314907249974031
"38","Libertador General Bernardo O'Higgins","2017",8.38,5.37,2.63,0.06,0.12,0.02,0.19,436,279,137,3,6,1,10,2482,0.17566478646253,914555,0.17566478646253,0.000476734586766242
"39","Libertador General Bernardo O'Higgins","2018",8.71,5.67,2.58,0.35,0.02,0.06,0.04,453,295,134,18,1,3,2,2317,0.19551143720328,914555,0.19551143720328,0.00049532286193832
"40","Libertador General Bernardo O'Higgins","2019",12.19,7,4.06,0.56,0.19,0.12,0.27,634,364,211,29,10,6,14,3674,0.172563962983125,914555,0.172563962983125,0.000693233321123388
"41","Los Lagos","2015",2.1,1.26,0.7,0.07,0.02,0.01,0.04,436,262,145,14,4,2,9,2889,0.1509172724126,828708,0.1509172724126,0.000526120177432823
"42","Los Lagos","2016",2.38,1.36,0.71,0.12,0.09,0.02,0.09,495,282,148,24,18,4,19,3120,0.158653846153846,828708,0.158653846153846,0.000597315339057907
"43","Los Lagos","2017",2.25,1.35,0.66,0.07,0.06,0.04,0.07,468,281,138,14,12,8,15,4112,0.113813229571984,828708,0.113813229571984,0.000564734502382021
"44","Los Lagos","2018",2.95,1.67,0.86,0.12,0.07,0.06,0.18,614,348,178,24,14,12,38,3842,0.159812597605414,828708,0.159812597605414,0.000740912359962737
"45","Los Lagos","2019",2.22,1.24,0.65,0.08,0.09,0.04,0.12,462,258,136,17,18,9,24,3498,0.132075471698113,828708,0.132075471698113,0.000557494316454047
"46","Los Ríos","2015",4.58,3.12,1.33,0.13,0,0,0,238,162,69,7,0,0,0,1127,0.211180124223602,384837,0.211180124223602,0.000618443652767275
"47","Los Ríos","2016",3.96,2.46,1.33,0.1,0.08,0,0,206,128,69,5,4,0,0,1099,0.187443130118289,384837,0.187443130118289,0.000535291565000247
"48","Los Ríos","2017",4.71,3.1,1.46,0.12,0.02,0,0.02,245,161,76,6,1,0,1,1105,0.221719457013575,384837,0.221719457013575,0.000636633171966313
"49","Los Ríos","2018",4.81,3.33,1.35,0.08,0.06,0,0,250,173,70,4,3,0,0,894,0.279642058165548,384837,0.279642058165548,0.000649625685679911
"50","Los Ríos","2019",3.52,2.29,1.13,0.06,0.04,0,0,183,119,59,3,2,0,0,740,0.247297297297297,384837,0.247297297297297,0.000475526001917695
"51","Magallanes y Antártica Chilena","2015",0.28,0.16,0.12,0,0,0,0,29,17,12,0,0,0,0,264,0.109848484848485,166533,0.109848484848485,0.000174139660007326
"52","Magallanes y Antártica Chilena","2016",0.23,0.15,0.04,0.02,0.02,0,0,24,16,4,2,2,0,0,326,0.0736196319018405,166533,0.0736196319018405,0.000144115580695718
"53","Magallanes y Antártica Chilena","2017",0.33,0.09,0.05,0,0.03,0.03,0.13,34,9,5,0,3,3,14,565,0.0601769911504425,166533,0.0601769911504425,0.000204163739318934
"54","Magallanes y Antártica Chilena","2018",0.43,0.22,0.06,0.01,0.02,0.06,0.07,45,23,6,1,2,6,7,427,0.105386416861827,166533,0.105386416861827,0.000270216713804471
"55","Magallanes y Antártica Chilena","2019",0.46,0.23,0.12,0.03,0.04,0,0.04,48,24,13,3,4,0,4,614,0.0781758957654723,166533,0.0781758957654723,0.000288231161391436
"56","Maule","2015",3.58,2.36,1.11,0.05,0.01,0.01,0.03,558,368,173,8,2,2,5,2877,0.193952033368092,1044950,0.193952033368092,0.00053399684195416
"57","Maule","2016",2.73,1.67,0.96,0.04,0.03,0.01,0.03,426,261,149,6,4,2,4,2520,0.169047619047619,1044950,0.169047619047619,0.000407675008373606
"58","Maule","2017",2.38,1.58,0.66,0.06,0.02,0.01,0.05,371,246,103,9,3,2,8,2286,0.162292213473316,1044950,0.162292213473316,0.000355040911048376
"59","Maule","2018",2.25,1.35,0.79,0.04,0.01,0.03,0.04,351,210,123,7,1,4,6,2241,0.156626506024096,1044950,0.156626506024096,0.000335901239293746
"60","Maule","2019",2.71,1.62,0.85,0.07,0.06,0.03,0.08,423,253,132,11,10,4,13,3130,0.135143769968051,1044950,0.135143769968051,0.000404804057610412
"61","Ñuble","2015",3.63,2.33,1.08,0.21,0,0.02,0,189,121,56,11,0,1,0,1122,0.168449197860963,480609,0.168449197860963,0.000393251062714181
"62","Ñuble","2016",5.12,3.17,1.52,0.15,0.08,0.06,0.13,266,165,79,8,4,3,7,1370,0.194160583941606,480609,0.194160583941606,0.000553464458634774
"63","Ñuble","2017",5.23,3.6,1.27,0.13,0.04,0.06,0.13,272,187,66,7,2,3,7,1272,0.213836477987421,480609,0.213836477987421,0.000565948619355859
"64","Ñuble","2018",5.08,2.92,1.44,0.21,0.04,0.04,0.42,264,152,75,11,2,2,22,1288,0.204968944099379,480609,0.204968944099379,0.000549303071727745
"65","Ñuble","2019",4.85,2.58,1.63,0.12,0.1,0.06,0.37,252,134,85,6,5,3,19,1320,0.190909090909091,480609,0.190909090909091,0.000524334750285575
"66","Región Metropolitana de Santiago","2015",3.05,1.88,1,0.06,0.02,0.02,0.07,951,588,312,18,6,5,22,7111,0.13373646463226,7112808,0.13373646463226,0.000133702470248037
"67","Región Metropolitana de Santiago","2016",2.86,1.68,0.88,0.11,0.04,0.04,0.12,893,525,273,34,13,12,36,7472,0.119512847965739,7112808,0.119512847965739,0.000125548166068872
"68","Región Metropolitana de Santiago","2017",2.99,1.72,0.98,0.08,0.05,0.02,0.13,933,537,307,25,16,6,42,6940,0.134438040345821,7112808,0.134438040345821,0.000131171824123469
"69","Región Metropolitana de Santiago","2018",3.29,2,0.98,0.07,0.07,0.04,0.12,1026,625,305,22,22,13,39,7488,0.137019230769231,7112808,0.137019230769231,0.000144246829100406
"70","Región Metropolitana de Santiago","2019",3.71,2.19,1.25,0.11,0.04,0.02,0.1,1158,682,390,35,13,7,31,8481,0.136540502299257,7112808,0.136540502299257,0.000162804900680575
"71","Tarapacá","2015",1.79,1.06,0.56,0.04,0,0.02,0.12,93,55,29,2,0,1,6,918,0.101307189542484,330558,0.101307189542484,0.000281342457299475
"72","Tarapacá","2016",3.56,1.62,1.44,0.08,0.06,0.08,0.29,185,84,75,4,3,4,15,1088,0.170036764705882,330558,0.170036764705882,0.000559659726886053
"73","Tarapacá","2017",2.56,1.29,1.08,0.04,0.04,0.04,0.08,133,67,56,2,2,2,4,958,0.138830897703549,330558,0.138830897703549,0.000402349965815379
"74","Tarapacá","2018",2.04,1.15,0.58,0.06,0.13,0,0.12,106,60,30,3,7,0,6,1042,0.101727447216891,330558,0.101727447216891,0.000320669897567144
"75","Tarapacá","2019",2.69,1.4,1.06,0.15,0.04,0.02,0.02,140,73,55,8,2,1,1,1106,0.126582278481013,330558,0.126582278481013,0.000423526279805662
"76","Valparaíso","2015",3.19,2,1,0.14,0.03,0,0.01,664,416,209,29,7,1,2,3668,0.181025081788441,1815902,0.181025081788441,0.000365658499192137
"77","Valparaíso","2016",2.47,1.35,0.98,0.07,0.02,0.03,0.02,513,281,203,14,4,6,5,3443,0.148997966889341,1815902,0.148997966889341,0.000282504232056576
"78","Valparaíso","2017",2.29,1.27,0.82,0.09,0.03,0.02,0.06,476,265,170,19,6,4,12,3212,0.148194271481943,1815902,0.148194271481943,0.000262128683155809
"79","Valparaíso","2018",1.87,1.14,0.57,0.09,0.01,0.01,0.04,388,237,119,18,3,3,8,2937,0.13210759278175,1815902,0.13210759278175,0.000213667918202634
"80","Valparaíso","2019",2.26,1.26,0.74,0.09,0.04,0.02,0.11,470,263,154,18,9,4,22,3130,0.150159744408946,1815902,0.150159744408946,0.00025882454009082
